Strannovata,908601506,/hi
Strannovata,908601506,/time
Strannovata,908601506,/help
Strannovata,908601506,/sum 123 321
Strannovata,908601506,/help
Strannovata,908601506,/help
Strannovata,908601506,/time
Strannovata,908601506,/sum
Strannovata,908601506,/hi
Strannovata,908601506,/help
Strannovata,908601506,/hi
Strannovata,908601506,/sum 1 2
Strannovata,908601506,/time
Strannovata,908601506,/help
Darya,1062165825,/help
Darya,1062165825,/hi
Darya,1062165825,/time
Darya,1062165825,/sum 67 3479
Darya,1062165825,/help
Anna,229084024,/help
Anna,229084024,/hi
Anna,229084024,/time
